DATE,unrate,psr,m2,dspic,pce,ir,ffer,indpro,ccpi
1981-01-01,7.5,10.9,1612.9,4980.4,1870.0,12.56857143,19.08451613,51.1668,85.4
1981-02-01,7.4,10.8,1608.125,4965.0,1884.2,13.19444444,15.93428571,50.9509,85.9
1981-03-01,7.4,10.8,1629.4,4979.0,1902.9,13.11590909,14.70387097,51.2066,86.4
1981-04-01,7.2,10.9,1665.575,4965.1,1904.4,13.67952381,15.719,50.9711,87.0
1981-05-01,7.5,11.0,1655.15,4974.8,1913.8,14.0995,18.51774194,51.2645,87.8
1981-06-01,7.5,10.8,1664.5,5001.9,1934.5,13.47227273,19.09966667,51.5247,88.6
1981-07-01,7.2,12.3,1685.225,5080.8,1942.1,14.28090909,19.03580645,51.8727,89.8
1981-08-01,7.4,12.0,1693.28,5095.9,1966.6,14.93714286,17.81774194,51.8156,90.7
1981-09-01,7.6,12.4,1706.15,5087.2,1965.5,15.32380952,15.874,51.5692,91.8
1981-10-01,7.9,13.0,1725.45,5093.8,1963.9,15.14809524,15.08,51.1851,92.1
1981-11-01,8.3,13.2,1738.54,5096.9,1970.6,13.39277778,13.307,50.5914,92.5
1981-12-01,8.5,12.5,1759.175,5090.2,1988.8,13.72454545,12.36903226,50.053,93.0
1982-01-01,8.6,12.7,1775.325,5096.9,1997.1,14.594,13.22064516,49.0358,93.3
1982-02-01,8.9,12.1,1764.7,5110.8,2021.2,14.42555556,14.77928571,50.0309,93.8
1982-03-01,9.0,12.2,1777.7,5110.0,2024.1,13.86130435,14.67774194,49.6876,93.9
1982-04-01,9.3,12.9,1809.5,5160.6,2026.3,13.87190476,14.937,49.2266,94.7
1982-05-01,9.4,12.3,1803.18,5139.0,2044.5,13.6225,14.45483871,48.8924,95.4
1982-06-01,9.6,12.3,1822.575,5110.7,2048.1,14.29954545,14.15266667,48.7588,96.1
1982-07-01,9.8,12.5,1834.9,5157.0,2072.2,13.94619048,12.58677419,48.5887,96.7
1982-08-01,9.8,12.6,1843.58,5164.7,2080.1,13.055,10.11903226,48.1582,97.1
1982-09-01,10.1,11.8,1858.95,5162.4,2104.6,12.33904762,10.30966667,48.0164,97.2
1982-10-01,10.4,11.3,1873.8,5156.3,2125.8,10.9065,9.707096774,47.571,97.5
1982-11-01,10.8,10.9,1887.42,5176.1,2149.3,10.55052632,9.196333333,47.4235,97.3
1982-12-01,10.8,10.9,1909.925,5200.2,2161.6,10.54,8.945483871,47.0712,97.2
1983-01-01,10.4,11.1,1960.76,5217.2,2174.0,10.45714286,8.683225806,47.9518,97.6
1983-02-01,10.4,11.1,1985.75,5218.8,2177.0,10.72473684,8.508928571,47.6648,98.0
1983-03-01,10.3,10.6,2008.65,5243.3,2202.8,10.50652174,8.766129032,48.054,98.2
1983-04-01,10.2,10.3,2033.725,5254.4,2226.4,10.4,8.802,48.6536,98.6
1983-05-01,10.1,9.9,2030.14,5264.8,2245.9,10.38,8.63,48.9668,98.9
1983-06-01,10.1,9.1,2051.875,5268.9,2276.0,10.84863636,8.982,49.251,99.2
1983-07-01,9.4,9.6,2068.875,5335.3,2304.4,11.377,9.367741935,49.9861,99.8
1983-08-01,9.5,9.2,2071.12,5325.3,2320.4,11.84608696,9.558387097,50.5862,100.1
1983-09-01,9.2,9.6,2080.55,5364.1,2334.9,11.65380952,9.448,51.3227,100.5
1983-10-01,8.8,9.7,2099.3,5412.5,2357.6,11.541,9.476129032,51.714,101.0
1983-11-01,8.5,10.3,2117.8,5459.7,2366.3,11.69,9.34,51.9425,101.5
1983-12-01,8.3,10.1,2130.975,5509.4,2393.6,11.82952381,9.471290323,52.1897,101.8
1984-01-01,8.0,10.0,2144.94,5535.1,2419.4,11.67428571,9.558387097,53.2371,102.5
1984-02-01,7.8,11.7,2147.15,5568.2,2403.5,11.84210526,9.587586207,53.4741,102.8
1984-03-01,7.8,11.5,2166.25,5605.1,2431.6,12.31909091,9.913225806,53.7313,103.2
1984-04-01,7.7,11.5,2192.6,5643.8,2457.5,12.6335,10.291,54.0454,103.7
1984-05-01,7.4,11.1,2190.575,5652.5,2474.5,13.40863636,10.31935484,54.3263,104.1
1984-06-01,7.2,11.1,2212.925,5690.2,2495.6,13.56285714,11.06166667,54.5095,104.5
1984-07-01,7.5,11.6,2225.92,5697.4,2494.6,13.36238095,11.23419355,54.6658,105.0
1984-08-01,7.5,11.8,2229.1,5736.2,2512.2,12.71608696,11.63709677,54.7307,105.4
1984-09-01,7.3,11.8,2241.1,5777.0,2533.8,12.52263158,11.30266667,54.5783,105.8
1984-10-01,7.4,11.7,2256.18,5755.4,2531.3,12.16045455,9.985483871,54.5549,106.2
1984-11-01,7.2,10.9,2284.375,5780.3,2571.4,11.57263158,9.425666667,54.74,106.4
1984-12-01,7.3,11.2,2314.88,5815.5,2582.6,11.4995,8.381612903,54.7733,106.8
1985-01-01,7.3,10.3,2341.125,5813.6,2618.8,11.38428571,8.349032258,54.7203,107.1
1985-02-01,7.2,9.1,2341.65,5759.7,2640.8,11.50888889,8.501428571,54.91,107.7
1985-03-01,7.2,8.7,2357.575,5733.0,2648.5,11.8552381,8.577419355,54.9841,108.1
1985-04-01,7.3,9.9,2377.56,5828.1,2659.5,11.4347619,8.267333333,54.8853,108.4
1985-05-01,7.2,11.1,2374.65,5970.2,2696.4,10.84681818,7.970967742,54.952,108.8
1985-06-01,7.4,9.6,2408.675,5844.8,2689.4,10.156,7.533333333,54.9269,109.1
1985-07-01,7.4,9.1,2431.96,5857.2,2715.7,10.30681818,7.883870968,54.642,109.4
1985-08-01,7.1,8.2,2442.2,5852.9,2752.1,10.33181818,7.898387097,54.8269,109.8
1985-09-01,7.1,7.3,2450.68,5877.9,2794.7,10.37315789,7.921333333,55.0447,110.0
1985-10-01,7.1,9.1,2466.9,5907.0,2755.8,10.23681818,7.986451613,54.8418,110.5
1985-11-01,7.0,9.0,2479.0,5915.8,2771.1,9.781578947,8.050666667,55.0381,111.1
1985-12-01,7.0,8.6,2500.78,5951.1,2811.3,9.259047619,8.274516129,55.5958,111.4
1986-01-01,6.7,8.6,2514.975,5961.6,2827.1,9.193809524,8.14483871,55.8793,111.9
1986-02-01,7.2,9.3,2500.425,5992.4,2820.2,8.704210526,7.86,55.4963,112.2
1986-03-01,7.2,9.9,2524.26,6053.6,2823.6,7.7785,7.479032258,55.097,112.5
1986-04-01,7.1,9.7,2565.775,6076.8,2835.2,7.299090909,6.988,55.16,112.9
1986-05-01,7.2,9.3,2568.25,6082.8,2857.5,7.70952381,6.852903226,55.2556,113.1
1986-06-01,7.2,9.4,2601.54,6078.3,2861.7,7.79952381,6.916666667,55.0449,113.4
1986-07-01,7.0,9.3,2633.0,6110.2,2881.2,7.303181818,6.557096774,55.3725,113.8
1986-08-01,6.9,9.0,2644.425,6119.3,2898.6,7.165714286,6.170645161,55.2845,114.2
1986-09-01,7.0,7.2,2658.02,6124.9,2971.8,7.447619048,5.890333333,55.4459,114.6
1986-10-01,7.0,8.4,2684.65,6121.2,2932.9,7.426363636,5.845806452,55.6766,115.0
1986-11-01,6.9,8.8,2700.225,6125.2,2928.4,7.250555556,6.039333333,55.8828,115.3
1986-12-01,6.6,7.0,2733.52,6135.8,2997.1,7.112727273,6.907741935,56.4269,115.6
1987-01-01,6.6,9.7,2760.925,6159.5,2935.5,7.0845,6.426451613,56.2123,115.9
1987-02-01,6.6,8.5,2734.375,6192.1,3001.7,7.250526316,6.101071429,56.9589,116.2
1987-03-01,6.6,8.5,2744.68,6200.0,3013.3,7.248636364,6.128387097,57.0365,116.6
1987-04-01,6.3,4.5,2781.625,5967.2,3038.8,8.022857143,6.365333333,57.3995,117.3
1987-05-01,6.3,8.2,2758.275,6209.1,3048.4,8.613,6.852903226,57.7653,117.7
1987-06-01,6.2,7.7,2771.02,6200.8,3072.8,8.402272727,6.725,58.0726,117.9
1987-07-01,6.1,7.5,2787.15,6218.1,3094.7,8.446818182,6.582258065,58.4772,118.3
1987-08-01,6.0,7.2,2785.82,6244.2,3130.8,8.76047619,6.732258065,58.9076,118.7
1987-09-01,5.9,7.6,2793.55,6244.3,3126.5,9.421904762,7.216333333,59.1237,119.2
1987-10-01,6.0,8.3,2810.675,6284.5,3134.5,9.52,7.288709677,59.9408,119.8
1987-11-01,5.8,8.5,2819.28,6308.9,3144.2,8.860526316,6.693333333,60.2323,120.1
1987-12-01,5.7,8.7,2837.1,6365.4,3174.1,8.987727273,6.769677419,60.5629,120.4
1988-01-01,5.7,8.1,2859.95,6378.8,3213.7,8.665789474,6.833870968,60.564,120.9
1988-02-01,5.7,8.6,2855.72,6416.0,3221.4,8.212,6.582758621,60.8632,121.2
1988-03-01,5.7,8.2,2885.325,6442.2,3260.5,8.373478261,6.575806452,61.0006,121.7
1988-04-01,5.4,8.8,2927.1,6464.3,3263.0,8.7185,6.871666667,61.3536,122.3
1988-05-01,5.6,8.4,2908.52,6473.4,3293.6,9.089047619,7.086451613,61.2454,122.7
1988-06-01,5.4,8.4,2935.125,6497.4,3318.5,8.921363636,7.509,61.4107,123.2
1988-07-01,5.4,8.6,2954.0,6524.5,3342.7,9.056,7.75483871,61.4169,123.6
1988-08-01,5.6,8.4,2948.74,6542.8,3368.0,9.260434783,8.009032258,61.7365,124.0
1988-09-01,5.4,8.9,2951.15,6555.5,3375.0,8.977142857,8.193333333,61.5395,124.7
1988-10-01,5.4,8.6,2959.26,6590.4,3413.7,8.7955,8.296129032,61.7996,125.2
1988-11-01,5.3,8.4,2982.825,6592.6,3430.2,8.9625,8.345,61.9552,125.6
1988-12-01,5.3,8.3,2997.375,6625.1,3459.7,9.105714286,8.760322581,62.2362,126.0
1989-01-01,5.4,8.5,3001.36,6653.4,3483.7,9.0915,9.121290323,62.4165,126.5
1989-02-01,5.2,9.0,2982.025,6673.2,3488.0,9.168947368,9.361071429,62.1423,126.9
1989-03-01,5.0,9.5,2998.375,6706.7,3498.8,9.357727273,9.848709677,62.3049,127.4
1989-04-01,5.2,8.4,3025.875,6672.3,3543.0,9.1755,9.835333333,62.2966,127.8
1989-05-01,5.2,8.1,2995.54,6641.7,3551.8,8.859090909,9.809032258,61.9483,128.3
1989-06-01,5.3,8.2,3021.3,6660.5,3566.6,8.277272727,9.53,61.9423,128.8
1989-07-01,5.2,8.2,3051.94,6683.9,3585.7,8.0185,9.235483871,61.3334,129.2
1989-08-01,5.2,7.6,3071.6,6701.6,3620.6,8.112608696,8.992258065,61.9394,129.5
1989-09-01,5.3,8.1,3084.875,6721.7,3621.9,8.1905,9.021,61.7394,129.9
1989-10-01,5.3,8.5,3105.06,6754.8,3633.6,8.007619048,8.840645161,61.6605,130.6
1989-11-01,5.4,8.6,3135.65,6761.3,3643.3,7.874285714,8.548,61.8627,131.1
1989-12-01,5.4,7.8,3159.15,6761.4,3684.2,7.836,8.452580645,62.2192,131.6
1990-01-01,5.4,8.0,3173.16,6801.0,3730.7,8.206666667,8.229032258,61.9021,132.1
1990-02-01,5.3,8.6,3169.175,6815.1,3728.2,8.473157895,8.237142857,62.464,132.7
1990-03-01,5.2,8.3,3189.875,6816.9,3754.9,8.588636364,8.276774194,62.7645,133.5
1990-04-01,5.4,8.8,3216.7,6860.6,3770.0,8.7855,8.255,62.6499,134.0
1990-05-01,5.4,8.7,3186.15,6852.4,3775.8,8.758181818,8.176451613,62.8126,134.4
1990-06-01,5.2,8.6,3209.05,6862.3,3804.5,8.48,8.288666667,63.0256,135.1
1990-07-01,5.5,8.7,3222.34,6886.1,3821.7,8.471428571,8.152580645,62.9353,135.8
1990-08-01,5.7,8.1,3238.6,6842.8,3848.3,8.752608696,8.134193548,63.172,136.6
1990-09-01,5.9,8.1,3249.275,6839.5,3870.1,8.893157895,8.195,63.1832,137.1
1990-10-01,5.9,7.8,3251.76,6783.4,3870.6,8.719545455,8.112580645,62.7886,137.6
1990-11-01,6.2,7.9,3265.1,6785.1,3871.9,8.392,7.806666667,62.0154,138.0
1990-12-01,6.3,8.8,3281.66,6824.1,3861.3,8.075,7.312903226,61.5915,138.6
1991-01-01,6.4,9.3,3291.175,6804.7,3841.0,8.091904762,6.906451613,61.3624,139.5
1991-02-01,6.6,8.8,3293.7,6814.0,3866.7,7.854736842,6.2525,60.9255,140.2
1991-03-01,6.8,8.0,3322.15,6824.9,3913.0,8.11,6.11516129,60.5853,140.5
1991-04-01,6.7,8.6,3347.98,6851.7,3907.1,8.039090909,5.912333333,60.7604,140.9
1991-05-01,6.9,8.4,3329.675,6852.9,3933.2,8.067727273,5.782903226,61.3572,141.3
1991-06-01,6.9,8.9,3348.75,6888.5,3940.5,8.284,5.899666667,61.8396,141.8
1991-07-01,6.8,8.2,3353.28,6875.2,3966.0,8.272727273,5.820967742,62.0065,142.3
1991-08-01,6.9,8.6,3352.325,6891.4,3969.1,7.9,5.661290323,62.0141,142.9
1991-09-01,6.9,8.8,3346.62,6910.5,3984.7,7.65,5.447,62.5457,143.4
1991-10-01,7.0,9.3,3355.025,6921.1,3976.0,7.527272727,5.209677419,62.4572,143.7
1991-11-01,7.0,9.0,3367.775,6932.2,4003.6,7.417368421,4.811333333,62.371,144.2
1991-12-01,7.3,9.7,3384.58,6995.7,4020.5,7.088571429,4.434193548,62.0999,144.7
1992-01-01,7.3,9.4,3385.85,7065.3,4084.7,7.032380952,4.034193548,61.7744,145.1
1992-02-01,7.4,9.8,3387.2,7097.8,4099.5,7.337894737,4.057586207,62.2167,145.4
1992-03-01,7.4,9.7,3401.84,7105.5,4117.0,7.542272727,3.983225806,62.7223,145.9
1992-04-01,7.4,9.9,3423.375,7126.8,4131.5,7.48047619,3.734666667,63.1981,146.3
1992-05-01,7.6,9.9,3388.225,7161.1,4158.4,7.392,3.823225806,63.4008,146.8
1992-06-01,7.8,10.1,3387.46,7191.7,4177.1,7.261818182,3.762666667,63.4358,147.1
1992-07-01,7.7,9.6,3394.875,7187.0,4204.8,6.844545455,3.253548387,64.013,147.6
1992-08-01,7.6,9.7,3394.56,7212.8,4220.9,6.585714286,3.303225806,63.6652,147.9
1992-09-01,7.6,8.7,3402.075,7179.5,4255.3,6.415238095,3.219666667,63.8563,148.1
1992-10-01,7.3,8.0,3417.15,7133.6,4284.7,6.589047619,3.099032258,64.3089,148.8
1992-11-01,7.4,8.0,3430.88,7144.5,4300.5,6.873157895,3.087666667,64.563,149.2
1992-12-01,7.4,10.6,3441.25,7399.0,4336.4,6.77,2.919677419,64.6477,149.6
1993-01-01,7.3,8.6,3434.275,7237.6,4340.7,6.6,3.024193548,64.9199,150.1
1993-02-01,7.1,8.9,3398.625,7271.8,4355.3,6.258947368,3.027142857,65.2156,150.6
1993-03-01,7.0,8.9,3407.42,7249.2,4352.5,5.975217391,3.074193548,65.1605,150.8
1993-04-01,7.1,8.7,3433.1,7286.8,4393.4,5.96952381,2.957666667,65.3503,151.4
1993-05-01,7.1,8.3,3422.3,7276.3,4422.4,6.0355,2.996129032,65.0993,151.8
1993-06-01,7.0,7.8,3440.55,7262.9,4440.0,5.962727273,3.038,65.2428,152.1
1993-07-01,6.9,7.6,3444.075,7281.2,4468.9,5.805238095,3.055483871,65.3988,152.3
1993-08-01,6.8,7.7,3439.02,7291.8,4481.1,5.677727273,3.032258065,65.3265,152.8
1993-09-01,6.7,6.9,3445.225,7271.9,4511.5,5.36,3.086333333,65.6562,152.9
1993-10-01,6.8,6.3,3451.75,7236.4,4532.8,5.334,2.992580645,66.1632,153.4
1993-11-01,6.6,6.3,3469.22,7256.4,4554.1,5.724,3.018,66.4831,153.9
1993-12-01,6.5,9.1,3494.675,7503.7,4571.1,5.774090909,2.95516129,66.8399,154.3
1994-01-01,6.6,7.1,3481.8,7363.1,4585.1,5.7505,3.050645161,67.0596,154.5
1994-02-01,6.6,6.5,3459.675,7377.2,4632.6,5.973157895,3.245,67.106,154.8
1994-03-01,6.5,6.8,3476.975,7401.7,4646.0,6.482608696,3.335806452,67.7792,155.3
1994-04-01,6.4,6.4,3507.15,7402.0,4671.1,6.972105263,3.555,68.1906,155.5
1994-05-01,6.1,7.6,3472.84,7487.4,4669.5,7.183333333,4.010967742,68.5136,155.9
1994-06-01,6.1,6.9,3478.875,7475.5,4708.9,7.101363636,4.245666667,68.9608,156.4
1994-07-01,6.1,7.0,3492.175,7481.7,4720.6,7.298,4.256129032,69.0536,156.7
1994-08-01,6.0,6.5,3481.5,7490.5,4762.6,7.236086957,4.474516129,69.5074,157.1
1994-09-01,5.9,6.8,3479.375,7523.2,4775.0,7.457142857,4.733666667,69.7304,157.5
1994-10-01,5.8,7.1,3475.42,7594.7,4812.9,7.744,4.76,70.2734,157.8
1994-11-01,5.6,7.0,3492.0,7594.4,4825.6,7.955,5.294666667,70.7471,158.2
1994-12-01,5.5,7.2,3506.875,7629.1,4841.6,7.813809524,5.453225806,71.4653,158.3
1995-01-01,5.6,7.5,3497.42,7653.7,4851.2,7.7795,5.527419355,71.5873,159.0
1995-02-01,5.4,7.8,3474.675,7669.1,4850.8,7.469473684,5.915357143,71.4827,159.4
1995-03-01,5.4,7.5,3491.2,7690.3,4885.4,7.204782609,5.976451613,71.5962,159.9
1995-04-01,5.8,6.9,3525.225,7633.6,4890.2,7.062631579,6.047333333,71.4939,160.4
1995-05-01,5.6,7.1,3502.58,7710.9,4933.1,6.632727273,6.009032258,71.8245,160.7
1995-06-01,5.6,6.7,3544.8,7734.0,4977.5,6.168181818,6.001333333,72.0577,161.1
1995-07-01,5.7,7.1,3566.22,7751.4,4970.2,6.278,5.851935484,71.7421,161.4
1995-08-01,5.7,6.7,3585.875,7756.6,5005.3,6.48826087,5.73516129,72.6863,161.8
1995-09-01,5.6,6.8,3596.4,7782.0,5020.5,6.1975,5.804666667,72.989,162.2
1995-10-01,5.5,7.1,3598.32,7790.9,5013.9,6.044761905,5.756129032,72.8743,162.7
1995-11-01,5.6,6.6,3622.825,7812.3,5055.6,5.93047619,5.803,73.0432,163.0
1995-12-01,5.6,6.1,3648.15,7823.0,5097.5,5.7115,5.601935484,73.3148,163.1
1996-01-01,5.6,6.7,3654.66,7833.7,5085.7,5.652380952,5.56483871,72.9017,163.7
1996-02-01,5.5,6.7,3644.8,7894.3,5132.8,5.8055,5.224482759,73.955,164.0
1996-03-01,5.5,6.6,3689.075,7919.9,5173.3,6.268571429,5.314193548,73.8546,164.4
1996-04-01,5.6,5.7,3717.46,7872.3,5208.0,6.511363636,5.223666667,74.6152,164.6
1996-05-01,5.6,6.7,3689.225,7972.0,5223.8,6.736818182,5.23516129,75.15,165.0
1996-06-01,5.3,7.1,3720.125,8020.3,5229.8,6.912,5.273333333,75.719,165.4
1996-07-01,5.5,6.7,3730.08,7999.4,5251.9,6.865454545,5.396451613,75.7189,165.7
1996-08-01,5.1,6.6,3742.825,8019.8,5275.0,6.635454545,5.222903226,76.0875,166.0
1996-09-01,5.2,6.7,3742.02,8038.7,5296.6,6.832,5.299,76.5959,166.5
1996-10-01,5.2,6.4,3759.35,8038.2,5328.5,6.533636364,5.238064516,76.5662,166.8
1996-11-01,5.4,6.4,3790.25,8060.2,5351.2,6.203684211,5.311,77.2493,167.2
1996-12-01,5.4,6.4,3834.76,8087.7,5378.6,6.302380952,5.294516129,77.7342,167.4
1997-01-01,5.3,6.2,3845.225,8110.8,5411.1,6.579047619,5.254516129,77.8711,167.8
1997-02-01,5.2,6.2,3831.625,8133.4,5434.0,6.419473684,5.185714286,78.7993,168.1
1997-03-01,5.2,6.4,3868.18,8172.1,5454.2,6.6945,5.386129032,79.2746,168.4
1997-04-01,5.1,6.5,3910.35,8178.2,5459.3,6.885454545,5.507333333,79.3464,168.9
1997-05-01,4.9,6.8,3866.45,8214.1,5460.2,6.710952381,5.504193548,79.773,169.2
1997-06-01,5.0,6.6,3896.0,8240.5,5494.2,6.493809524,5.555666667,80.1365,169.4
1997-07-01,4.9,6.1,3919.525,8271.7,5548.8,6.220454545,5.521290323,80.7798,169.7
1997-08-01,4.8,6.0,3948.2,8314.6,5587.0,6.298571429,5.542258065,81.6119,169.8
1997-09-01,4.9,6.2,3960.04,8336.4,5601.7,6.208571429,5.540666667,82.4022,170.2
1997-10-01,4.7,6.2,3977.675,8377.6,5637.7,6.029545455,5.496129032,83.1064,170.6
1997-11-01,4.6,6.4,4006.9,8431.8,5661.1,5.875,5.521666667,83.7534,170.8
1997-12-01,4.7,6.4,4049.28,8480.3,5692.1,5.808636364,5.50483871,84.1331,171.2
1998-01-01,4.6,7.4,4068.95,8554.9,5689.9,5.5445,5.557419355,84.5113,171.6
1998-02-01,4.6,7.4,4069.5,8608.9,5723.8,5.574736842,5.505714286,84.6409,171.9
1998-03-01,4.7,7.5,4124.66,8658.3,5750.3,5.647272727,5.493548387,84.6684,172.2
1998-04-01,4.3,7.2,4181.95,8685.6,5788.1,5.637619048,5.445333333,84.9827,172.5
1998-05-01,4.4,6.9,4138.75,8721.1,5837.9,5.6525,5.488709677,85.5129,172.9
1998-06-01,4.5,6.8,4169.36,8770.5,5871.7,5.496363636,5.558666667,84.998,173.2
1998-07-01,4.5,6.9,4195.35,8786.0,5890.0,5.461363636,5.535806452,84.6664,173.5
1998-08-01,4.5,6.8,4215.96,8814.4,5925.0,5.341904762,5.546774194,86.4183,174.0
1998-09-01,4.6,6.4,4255.05,8840.5,5965.6,4.806666667,5.511666667,86.3287,174.2
1998-10-01,4.5,6.2,4287.4,8853.3,5998.8,4.53,5.070967742,86.9767,174.4
1998-11-01,4.4,6.3,4338.64,8889.8,6015.4,4.827368421,4.826,86.9005,174.8
1998-12-01,4.4,5.8,4397.8,8907.1,6070.5,4.645,4.683548387,87.2514,175.4
1999-01-01,4.3,6.4,4416.9,8956.4,6073.9,4.722105263,4.632580645,87.6357,175.6
1999-02-01,4.4,6.3,4410.475,8987.9,6099.2,4.998947368,4.764642857,88.1298,175.6
1999-03-01,4.2,6.0,4447.82,8996.9,6133.0,5.232608696,4.809354839,88.2987,175.7
1999-04-01,4.3,5.0,4510.25,8969.0,6199.5,5.184545455,4.736333333,88.4947,176.3
1999-05-01,4.2,4.8,4459.84,8986.1,6232.1,5.5395,4.742258065,89.0447,176.5
1999-06-01,4.3,4.7,4495.025,9018.1,6260.3,5.899545455,4.764666667,88.9802,176.6
1999-07-01,4.3,4.8,4519.2,9036.7,6287.6,5.791904762,4.994193548,89.5155,177.1
1999-08-01,4.2,4.7,4534.76,9076.4,6331.9,5.939090909,5.072258065,89.8984,177.3
1999-09-01,4.2,4.1,4555.225,9066.3,6386.5,5.915238095,5.224333333,89.496,177.8
1999-10-01,4.1,4.4,4571.525,9117.2,6411.4,6.112,5.2,90.6725,178.1
1999-11-01,4.1,4.6,4602.56,9177.2,6448.7,6.034,5.42,91.1438,178.4
1999-12-01,4.0,4.2,4660.075,9248.6,6541.0,6.275454545,5.295806452,91.8444,178.7
2000-01-01,4.0,5.0,4674.3,9309.1,6542.9,6.661,5.448387097,91.7942,179.3
2000-02-01,4.1,4.5,4673.7,9345.2,6625.3,6.5195,5.734827586,92.1272,179.4
2000-03-01,4.0,4.3,4731.3,9370.3,6686.5,6.256521739,5.853548387,92.4733,180.0
2000-04-01,3.8,4.8,4814.475,9418.3,6679.1,5.990526316,6.019666667,93.0619,180.3
2000-05-01,4.0,4.8,4731.84,9457.3,6709.7,6.440454545,6.268064516,93.3427,180.7
2000-06-01,4.0,4.8,4759.5,9483.3,6746.9,6.097272727,6.528333333,93.3908,181.1
2000-07-01,4.0,5.1,4770.1,9533.3,6768.5,6.054,6.544516129,93.204,181.5
2000-08-01,4.1,5.2,4805.225,9591.5,6802.8,5.826086957,6.496774194,92.9637,181.9
2000-09-01,3.9,4.5,4838.8,9601.5,6888.6,5.799,6.517,93.3533,182.3
2000-10-01,3.9,4.8,4848.78,9627.4,6893.8,5.738571429,6.509354839,93.0019,182.6
2000-11-01,3.9,4.7,4881.275,9629.8,6909.8,5.717142857,6.514333333,93.0137,183.1
2000-12-01,3.9,4.4,4938.775,9647.6,6952.2,5.2405,6.402258065,92.7388,183.3
2001-01-01,4.2,4.9,4980.6,9697.4,6987.4,5.160952381,5.975806452,92.2054,183.9
2001-02-01,4.2,5.0,5001.45,9708.8,7001.8,5.098947368,5.494285714,91.5813,184.4
2001-03-01,4.3,5.3,5088.3,9733.9,6996.7,4.885454545,5.310967742,91.3567,184.7
2001-04-01,4.4,5.1,5166.38,9705.0,7004.2,5.141,4.802,91.072,185.1
2001-05-01,4.3,4.5,5108.45,9680.9,7052.8,5.391363636,4.212258065,90.5335,185.3
2001-06-01,4.5,4.4,5158.45,9679.4,7069.7,5.284285714,3.969666667,90.0322,186.0
2001-07-01,4.6,5.6,5181.84,9820.7,7082.3,5.236190476,3.769032258,89.4778,186.4
2001-08-01,4.9,6.6,5223.45,9982.1,7121.7,4.971304348,3.652580645,89.3838,186.7
2001-09-01,5.0,7.0,5329.25,9896.5,7007.0,4.731764706,3.069,88.9262,187.1
2001-10-01,5.3,3.1,5315.12,9722.4,7212.9,4.566818182,2.48516129,88.6365,187.4
2001-11-01,5.5,3.5,5378.425,9733.4,7182.3,4.6515,2.087,88.1058,188.1
2001-12-01,5.7,3.8,5455.6,9750.3,7166.7,5.0875,1.817741935,88.0897,188.4
2002-01-01,5.7,5.7,5454.2,9951.9,7184.6,5.035714286,1.729677419,88.6706,188.7
2002-02-01,5.7,5.5,5463.125,9966.6,7225.2,4.911578947,1.739642857,88.6723,189.1
2002-03-01,5.7,5.6,5511.05,9973.3,7243.4,5.284,1.73,89.3624,189.2
2002-04-01,5.9,5.5,5532.86,10007.2,7312.5,5.210909091,1.753,89.7933,189.7
2002-05-01,5.8,6.2,5498.125,10047.9,7288.9,5.164545455,1.751290323,90.1629,190.0
2002-06-01,5.8,6.2,5533.275,10078.5,7322.5,4.9265,1.750333333,90.9078,190.2
2002-07-01,5.8,5.4,5568.56,10053.5,7387.3,4.653181818,1.729032258,90.8761,190.5
2002-08-01,5.7,5.4,5619.325,10056.6,7412.6,4.257272727,1.743225806,90.785,191.1
2002-09-01,5.7,5.9,5641.52,10068.3,7391.5,3.87,1.750666667,90.8931,191.3
2002-10-01,5.7,5.8,5683.6,10097.3,7435.2,3.940909091,1.75483871,90.6289,191.5
2002-11-01,5.9,5.8,5746.4,10124.3,7463.8,4.048421053,1.336,91.1366,191.9
2002-12-01,6.0,5.4,5798.7,10148.6,7519.9,4.032380952,1.238387097,90.6374,192.1
2003-01-01,5.8,5.4,5799.6,10133.6,7541.3,4.048571429,1.23516129,91.3852,192.4
2003-02-01,5.9,5.3,5810.075,10097.6,7548.6,3.902631579,1.262142857,91.494,192.5
2003-03-01,5.9,5.0,5873.42,10121.5,7611.5,3.807142857,1.252903226,91.221,192.5
2003-04-01,6.0,5.1,5939.0,10181.4,7634.5,3.958571429,1.258,90.6448,192.5
2003-05-01,6.1,5.5,5934.675,10261.2,7650.3,3.569047619,1.259032258,90.6163,192.9
2003-06-01,6.3,5.3,5983.92,10291.2,7699.6,3.334285714,1.222666667,90.7372,193.0
2003-07-01,6.2,6.1,6033.425,10415.5,7757.0,3.975454545,1.011290323,91.2028,193.4
2003-08-01,6.1,5.9,6090.4,10487.7,7852.1,4.445238095,1.029032258,91.0119,193.6
2003-09-01,6.1,5.1,6063.72,10369.1,7853.7,4.274285714,1.01,91.6355,193.7
2003-10-01,6.0,5.3,6050.325,10408.4,7867.4,4.290454545,1.01,91.7372,194.0
2003-11-01,5.8,5.3,6067.525,10470.9,7922.6,4.3,0.996,92.3505,194.0
2003-12-01,5.7,5.2,6094.54,10479.0,7950.4,4.267727273,0.984193548,92.4019,194.2
2004-01-01,5.7,4.9,6066.65,10472.7,8007.1,4.1505,0.997096774,92.5643,194.6
2004-02-01,5.6,4.9,6072.825,10491.3,8040.4,4.084210526,1.007241379,93.1092,194.9
2004-03-01,5.8,4.7,6154.54,10533.6,8098.8,3.826521739,1.001612903,92.7403,195.5
2004-04-01,5.6,5.1,6238.875,10569.6,8107.2,4.347619048,1.004,93.1255,195.9
2004-05-01,5.6,5.1,6241.78,10623.3,8176.5,4.7155,1.004516129,93.797,196.2
2004-06-01,5.6,5.6,6272.55,10631.8,8157.6,4.733809524,1.025666667,93.0677,196.6
2004-07-01,5.5,5.0,6279.45,10658.1,8236.9,4.498095238,1.263548387,93.7646,196.8
2004-08-01,5.4,5.0,6293.54,10693.5,8271.6,4.281363636,1.429354839,93.8516,196.9
2004-09-01,5.4,4.4,6335.775,10701.4,8341.5,4.125714286,1.605,93.9393,197.5
2004-10-01,5.5,4.3,6350.3,10707.4,8397.1,4.097,1.760967742,94.8012,197.9
2004-11-01,5.4,3.8,6394.1,10677.3,8444.5,4.194,1.932,95.0379,198.3
2004-12-01,5.4,6.6,6447.325,11072.9,8504.4,4.230909091,2.156129032,95.7433,198.6
2005-01-01,5.3,3.2,6406.1,10670.3,8497.7,4.2215,2.279354839,96.1164,199.0
2005-02-01,5.4,2.9,6404.625,10677.1,8559.1,4.165263158,2.501785714,96.82,199.4
2005-03-01,5.2,3.1,6462.9,10717.4,8598.4,4.497727273,2.629032258,96.6725,200.1
2005-04-01,5.2,2.7,6517.4,10751.9,8678.4,4.340952381,2.785,96.8638,200.2
2005-05-01,5.1,3.2,6452.98,10799.8,8671.6,4.144285714,3.002580645,96.9622,200.5
2005-06-01,5.0,2.6,6512.525,10824.4,8753.4,3.998181818,3.035666667,97.353,200.6
2005-07-01,5.0,2.1,6527.625,10839.0,8853.8,4.1775,3.262580645,97.0425,200.9
2005-08-01,4.9,2.6,6547.3,10856.6,8850.1,4.262608696,3.499677419,97.3856,201.1
2005-09-01,5.0,2.7,6587.775,10815.7,8900.4,4.199047619,3.623,95.509,201.3
2005-10-01,5.0,2.9,6607.14,10870.2,8938.5,4.4635,3.779354839,96.6445,202.0
2005-11-01,5.0,3.2,6654.55,10937.8,8946.2,4.535,3.999,97.6736,202.5
2005-12-01,4.9,3.1,6700.7,10976.2,8981.1,4.467142857,4.157096774,98.2108,202.8
2006-01-01,4.7,3.7,6708.14,11096.7,9071.6,4.416,4.28516129,98.3353,203.2
2006-02-01,4.8,3.9,6719.0,11151.4,9096.0,4.568947368,4.491428571,98.3412,203.6
2006-03-01,4.7,4.1,6792.825,11195.7,9132.9,4.723913043,4.589354839,98.5915,204.3
2006-04-01,4.7,3.8,6868.325,11190.3,9191.6,4.990526316,4.790333333,98.9042,204.8
2006-05-01,4.6,3.6,6792.16,11182.7,9231.8,5.11,4.940322581,98.8999,205.4
2006-06-01,4.6,3.7,6850.15,11198.2,9259.6,5.106363636,4.991,99.209,205.9
2006-07-01,4.7,3.1,6867.74,11196.3,9343.8,5.0875,5.23516129,99.1473,206.3
2006-08-01,4.7,3.3,6891.225,11189.6,9342.2,4.876521739,5.246451613,99.5815,206.8
2006-09-01,4.5,3.2,6918.425,11252.3,9375.4,4.719,5.254666667,99.4133,207.2
2006-10-01,4.4,3.2,6950.72,11306.0,9393.6,4.729047619,5.24516129,99.2931,207.6
2006-11-01,4.5,3.6,7022.425,11353.1,9400.2,4.595238095,5.245666667,99.2376,207.8
2006-12-01,4.4,3.5,7084.1,11406.8,9488.3,4.5645,5.238064516,100.2526,208.1
2007-01-01,4.6,3.2,7102.6,11403.7,9538.7,4.75952381,5.248387097,99.86,208.6
2007-02-01,4.5,3.6,7103.375,11439.6,9566.0,4.722631579,5.258928571,100.8096,209.135
2007-03-01,4.4,3.9,7191.45,11475.0,9611.7,4.564545455,5.256774194,101.0257,209.418
2007-04-01,4.5,3.8,7287.68,11490.1,9643.6,4.693809524,5.249666667,101.7497,209.747
2007-05-01,4.4,3.6,7238.375,11495.5,9685.8,4.746363636,5.253548387,101.8148,210.058
2007-06-01,4.6,3.5,7280.6,11488.4,9706.8,5.102857143,5.254,101.8424,210.392
2007-07-01,4.7,3.4,7282.82,11500.4,9751.1,5.004285714,5.258387097,101.7209,210.773
2007-08-01,4.6,3.1,7342.675,11506.2,9798.9,4.674782609,5.022258065,101.9639,211.119
2007-09-01,4.7,3.1,7370.45,11527.1,9845.1,4.521578947,4.938,102.2023,211.554
2007-10-01,4.7,3.0,7368.9,11523.6,9882.7,4.527727273,4.755483871,101.8873,212.077
2007-11-01,4.7,2.8,7430.175,11512.3,9955.9,4.1485,4.486666667,102.4717,212.66
2007-12-01,5.0,3.2,7494.38,11552.1,9972.8,4.0975,4.244516129,102.4621,213.168
2008-01-01,5.0,3.2,7500.8,11553.4,9996.4,3.744285714,3.940322581,102.3148,213.771
2008-02-01,4.9,3.6,7568.8,11547.6,9981.7,3.7375,2.980689655,101.9384,213.939
2008-03-01,5.1,3.4,7704.06,11545.3,10035.3,3.51,2.610322581,101.5904,214.42
2008-04-01,5.0,2.9,7772.725,11500.7,10070.3,3.675,2.278333333,100.9098,214.56
2008-05-01,5.4,7.3,7700.65,12060.9,10132.3,3.88,1.978387097,100.3073,214.936
2008-06-01,5.6,5.1,7726.44,11755.3,10187.1,4.09952381,2.001,100.0853,215.424
2008-07-01,5.8,4.0,7745.125,11574.0,10185.1,4.007727273,2.009677419,99.6124,215.965
2008-08-01,6.1,3.5,7741.4,11506.9,10175.7,3.885714286,1.996451613,98.0601,216.393
2008-09-01,6.1,4.3,7793.8,11531.5,10116.4,3.686190476,1.811666667,93.8451,216.713
2008-10-01,6.5,5.2,7920.85,11616.7,10034.1,3.814090909,0.969354839,94.7036,216.788
2008-11-01,6.8,6.3,7981.175,11713.8,9885.2,3.526666667,0.387666667,93.4737,216.947
2008-12-01,7.3,6.2,8198.52,11655.4,9801.5,2.416363636,0.15516129,90.825,216.925
2009-01-01,7.8,6.2,8282.7,11718.0,9847.2,2.5175,0.154193548,88.583,217.346
2009-02-01,8.3,5.6,8284.2,11598.7,9824.5,2.87,0.222142857,88.0069,217.792
2009-03-01,8.7,5.9,8424.46,11593.4,9773.2,2.819545455,0.180645161,86.6045,218.253
2009-04-01,9.0,6.6,8446.65,11660.2,9772.5,2.927142857,0.150333333,85.9406,218.706
2009-05-01,9.4,7.9,8419.25,11826.7,9791.6,3.293,0.177419355,85.0635,218.904
2009-06-01,9.5,6.2,8436.48,11610.9,9852.4,3.721818182,0.206333333,84.7841,219.112
2009-07-01,9.5,5.5,8408.525,11560.4,9886.3,3.562272727,0.155806452,85.7471,219.263
2009-08-01,9.6,4.5,8382.26,11538.6,10004.1,3.587142857,0.160322581,86.7094,219.496
2009-09-01,9.8,5.6,8394.4,11573.1,9927.8,3.401904762,0.146666667,87.4072,219.92
2009-10-01,10.0,5.2,8419.425,11538.1,9976.7,3.387619048,0.118064516,87.6595,220.501
2009-11-01,9.9,5.6,8487.18,11571.0,9985.7,3.402631579,0.119,88.0061,220.666
2009-12-01,9.9,5.6,8543.825,11630.0,10052.6,3.59,0.118064516,88.2819,220.881
2010-01-01,9.8,5.9,8476.375,11644.6,10056.1,3.733157895,0.11,89.2744,220.633
2010-02-01,9.8,5.6,8484.85,11655.6,10093.4,3.691052632,0.126428571,89.5648,220.731
2010-03-01,9.9,5.6,8563.8,11702.1,10156.0,3.727391304,0.164516129,90.2296,220.783
2010-04-01,9.9,6.2,8609.2,11799.8,10182.3,3.846818182,0.198333333,90.5689,220.822
2010-05-01,9.6,6.7,8575.44,11887.9,10210.8,3.42,0.200645161,91.8247,220.962
2010-06-01,9.4,6.5,8606.75,11895.0,10231.3,3.204090909,0.176666667,92.007,221.194
2010-07-01,9.4,6.4,8575.4,11910.8,10268.1,3.011428571,0.182580645,92.3967,221.363
2010-08-01,9.5,6.5,8599.34,11949.7,10307.1,2.698636364,0.189354839,92.7118,221.509
2010-09-01,9.5,6.5,8648.3,11949.4,10327.1,2.647619048,0.194666667,92.9252,221.711
2010-10-01,9.4,6.3,8701.2,11950.4,10386.4,2.54,0.191290323,92.7115,221.83
2010-11-01,9.8,6.1,8759.98,11960.5,10433.6,2.763,0.194333333,92.7535,222.149
2010-12-01,9.3,6.5,8850.025,12030.1,10471.0,3.290909091,0.183225806,93.6492,222.343
2011-01-01,9.1,6.9,8850.32,12084.4,10514.3,3.394,0.168387097,93.4768,222.803
2011-02-01,9.0,7.2,8884.425,12117.0,10540.6,3.576315789,0.156785714,93.0617,223.213
2011-03-01,9.0,6.6,8996.0,12083.3,10619.7,3.414347826,0.138709677,94.0244,223.454
2011-04-01,9.1,6.6,9061.85,12061.3,10652.1,3.455,0.098,93.7011,223.727
2011-05-01,9.0,6.5,9015.62,12043.2,10672.2,3.168571429,0.093870968,93.849,224.175
2011-06-01,9.1,6.7,9100.45,12087.9,10694.8,3.002272727,0.092,94.0844,224.697
2011-07-01,9.0,6.9,9235.6,12128.6,10731.6,3.003,0.070967742,94.5881,225.218
2011-08-01,9.0,6.9,9442.44,12120.6,10750.3,2.303043478,0.095806452,95.1605,225.862
2011-09-01,9.0,6.5,9495.175,12104.0,10783.2,1.975238095,0.084,95.0855,226.118
2011-10-01,8.8,6.5,9541.86,12117.0,10802.9,2.152,0.070645161,95.6902,226.506
2011-11-01,8.6,6.6,9630.4,12112.6,10806.8,2.0135,0.081,95.7307,226.899
2011-12-01,8.5,7.5,9706.85,12227.3,10817.8,1.978095238,0.071612903,96.2047,227.405
2012-01-01,8.3,7.8,9766.34,12311.1,10896.8,1.9665,0.081935484,96.7772,227.877
2012-02-01,8.3,7.8,9778.7,12384.8,10987.2,1.9675,0.103793103,97.051,228.034
2012-03-01,8.2,8.2,9889.475,12431.1,10993.9,2.172727273,0.126774194,96.5714,228.478
2012-04-01,8.2,8.5,9945.06,12486.5,11018.5,2.052857143,0.139333333,97.3139,228.905
2012-05-01,8.2,8.6,9880.8,12490.2,11006.8,1.803181818,0.155806452,97.4669,229.224
2012-06-01,8.2,8.6,9948.425,12482.6,10989.8,1.622380952,0.161666667,97.4577,229.623
2012-07-01,8.2,7.8,9997.74,12396.5,11016.8,1.526666667,0.156451613,97.6786,229.97
2012-08-01,8.1,7.6,10061.025,12364.4,11056.0,1.67826087,0.132258065,97.2842,230.233
2012-09-01,7.8,8.1,10148.375,12453.3,11105.3,1.723157895,0.144333333,97.2295,230.659
2012-10-01,7.8,8.7,10225.74,12538.2,11137.4,1.746190476,0.158387097,97.5344,231.024
2012-11-01,7.7,9.5,10338.625,12702.9,11178.4,1.654,0.160666667,97.9837,231.33
2012-12-01,7.9,11.6,10510.3,13011.6,11181.2,1.719,0.164516129,98.2122,231.725
2013-01-01,8.0,5.9,10513.6,12258.9,11245.8,1.914761905,0.142580645,98.1664,232.229
2013-02-01,7.7,5.6,10467.25,12224.9,11282.1,1.984210526,0.145,98.6458,232.569
2013-03-01,7.5,5.9,10592.3,12262.1,11268.9,1.9575,0.143548387,99.0597,232.794
2013-04-01,7.6,6.2,10665.54,12299.0,11259.3,1.759090909,0.145,98.9927,232.832
2013-05-01,7.5,6.4,10572.65,12358.6,11295.1,1.928181818,0.109032258,99.0726,232.996
2013-06-01,7.5,6.5,10631.175,12361.7,11318.5,2.3,0.093666667,99.2065,233.35
2013-07-01,7.3,6.3,10674.86,12350.6,11346.8,2.582272727,0.092580645,98.9204,233.88
2013-08-01,7.2,6.4,10728.225,12379.6,11376.9,2.737272727,0.082903226,99.4996,234.336
2013-09-01,7.2,6.5,10796.5,12431.5,11413.9,2.8095,0.08,100.0568,234.7
2013-10-01,7.2,6.0,10929.8,12395.1,11465.2,2.615909091,0.087096774,99.9168,234.921
2013-11-01,6.9,5.8,10962.85,12426.2,11531.3,2.718421053,0.084333333,100.1762,235.359
2013-12-01,6.7,6.0,11086.38,12452.7,11558.6,2.901904762,0.08516129,100.3658,235.759
2014-01-01,6.6,6.7,11108.375,12513.3,11543.7,2.858095238,0.071612903,100.038,235.961
2014-02-01,6.7,6.6,11134.55,12579.5,11615.4,2.709473684,0.066428571,100.7918,236.185
2014-03-01,6.7,6.7,11263.46,12648.6,11695.2,2.723333333,0.078064516,101.7782,236.625
2014-04-01,6.2,6.9,11335.375,12699.0,11737.4,2.705238095,0.090333333,101.8337,237.072
2014-05-01,6.3,7.1,11262.225,12745.0,11778.6,2.559047619,0.087096774,102.2325,237.529
2014-06-01,6.1,7.1,11331.98,12797.2,11838.0,2.598571429,0.095666667,102.5722,237.837
2014-07-01,6.2,7.2,11388.7,12835.1,11879.2,2.542272727,0.090967742,102.8479,238.195
2014-08-01,6.1,7.0,11416.875,12896.3,11958.8,2.42,0.088064516,102.6491,238.405
2014-09-01,5.9,7.2,11456.24,12938.8,11964.9,2.534285714,0.088333333,102.9858,238.786
2014-10-01,5.7,7.1,11540.4,12995.3,12035.5,2.304090909,0.089032258,102.9911,239.191
2014-11-01,5.8,7.3,11592.9,13062.8,12058.4,2.325555556,0.092,103.6669,239.458
2014-12-01,5.6,7.7,11736.14,13150.5,12067.6,2.207272727,0.122580645,103.6139,239.584
2015-01-01,5.7,8.0,11759.1,13224.7,12036.5,1.8815,0.11483871,102.8479,239.811
2015-02-01,5.5,8.1,11818.575,13271.8,12083.1,1.975263158,0.110714286,102.2292,240.172
2015-03-01,5.4,7.7,11943.02,13233.7,12132.2,2.042727273,0.112903226,101.8945,240.755
2015-04-01,5.4,7.6,12020.125,13262.8,12170.3,1.935,0.124666667,101.2859,241.346
2015-05-01,5.6,7.5,11896.35,13284.7,12233.6,2.1975,0.123225806,100.8408,241.688
2015-06-01,5.3,7.4,11950.48,13292.7,12270.3,2.363636364,0.129,100.5063,242.064
2015-07-01,5.2,7.3,12013.4,13324.1,12327.5,2.324545455,0.130322581,101.1831,242.565
2015-08-01,5.1,7.3,12059.78,13354.9,12359.3,2.167142857,0.138064516,100.9115,242.817
2015-09-01,5.0,7.4,12135.95,13392.0,12356.4,2.172857143,0.136,100.568,243.316
2015-10-01,5.0,7.5,12155.05,13419.8,12362.3,2.07,0.123548387,100.1588,243.768
2015-11-01,5.1,7.3,12285.08,13417.7,12397.5,2.263157895,0.117666667,99.4099,244.241
2015-12-01,5.0,7.4,12419.675,13482.0,12432.8,2.242727273,0.240645161,98.8329,244.547
2016-01-01,4.8,7.7,12481.225,13531.6,12452.1,2.085263158,0.342903226,99.4797,244.955
2016-02-01,4.9,7.2,12502.32,13546.1,12526.3,1.7795,0.375172414,98.9583,245.51
2016-03-01,5.0,7.6,12676.075,13547.2,12506.8,1.889090909,0.362258065,98.1954,245.913
2016-04-01,5.1,7.2,12788.825,13522.0,12586.0,1.805238095,0.365333333,98.4673,246.551
2016-05-01,4.8,6.9,12701.48,13515.1,12624.4,1.806190476,0.36516129,98.2889,247.137
2016-06-01,4.9,6.6,12783.65,13521.5,12701.7,1.644090909,0.377666667,98.7201,247.54
2016-07-01,4.8,6.8,12839.225,13567.1,12720.6,1.504,0.391612903,98.8992,247.829
2016-08-01,4.9,6.8,12930.3,13578.9,12749.8,1.556521739,0.396774194,98.7249,248.423
2016-09-01,5.0,6.8,13012.9,13608.3,12806.8,1.63047619,0.396333333,98.606,248.842
2016-10-01,4.9,6.9,13071.66,13627.7,12828.1,1.7645,0.396451613,98.6703,249.142
2016-11-01,4.7,7.0,13191.775,13657.8,12853.6,2.142,0.406666667,98.2288,249.481
2016-12-01,4.7,6.5,13285.6,13685.3,12962.9,2.491904762,0.54,98.8958,249.92
2017-01-01,4.7,6.9,13293.72,13742.1,13015.1,2.4325,0.649677419,98.7446,250.462
2017-02-01,4.6,7.2,13300.475,13792.3,13034.7,2.418947368,0.656785714,98.3676,250.903
2017-03-01,4.4,7.2,13481.275,13851.3,13089.6,2.48173913,0.786129032,99.1065,250.836
2017-04-01,4.5,7.2,13589.875,13869.6,13127.7,2.297368421,0.896,100.0363,251.252
2017-05-01,4.4,7.8,13467.34,13962.6,13128.7,2.303636364,0.907419355,100.147,251.488
2017-06-01,4.3,7.5,13520.975,13963.5,13176.8,2.186818182,1.04,100.3042,251.822
2017-07-01,4.3,7.6,13578.76,13999.9,13198.3,2.318,1.150645161,100.2092,252.047
2017-08-01,4.4,7.6,13654.1,14015.8,13241.0,2.209130435,1.157096774,99.7055,252.597
2017-09-01,4.2,7.3,13699.95,14030.9,13365.1,2.202,1.153333333,99.7485,253.039
2017-10-01,4.1,7.4,13745.0,14062.7,13394.8,2.36,1.153870968,100.988,253.535
2017-11-01,4.2,7.0,13818.95,14078.4,13495.7,2.353333333,1.157,101.273,253.744
2017-12-01,4.1,6.6,13929.175,14111.5,13601.8,2.4025,1.301612903,101.3696,254.308
2018-01-01,4.0,7.4,13885.14,14211.4,13620.1,2.583809524,1.414516129,101.3561,255.007
2018-02-01,4.1,7.6,13840.4,14250.1,13657.2,2.858947368,1.4175,101.6495,255.472
2018-03-01,4.0,7.6,14006.425,14298.3,13725.0,2.842380952,1.506129032,102.298,256.117
2018-04-01,4.0,7.4,14084.64,14329.5,13809.3,2.869047619,1.692333333,103.4095,256.656
2018-05-01,3.8,7.5,13992.275,14373.2,13872.1,2.977727273,1.7,102.5408,257.157
2018-06-01,4.0,7.6,14083.6,14416.2,13912.9,2.912380952,1.819666667,103.3045,257.534
2018-07-01,3.8,7.6,14122.64,14467.0,13962.6,2.889047619,1.91,103.5474,257.93
2018-08-01,3.8,7.6,14178.6,14509.6,14014.5,2.889130435,1.91483871,104.1659,258.08
2018-09-01,3.7,7.6,14216.85,14498.8,14030.7,3.004210526,1.954666667,104.1315,258.534
2018-10-01,3.8,7.4,14218.3,14527.7,14119.6,3.152272727,2.187741935,103.9874,258.989
2018-11-01,3.8,7.2,14260.425,14550.4,14187.8,3.117,2.197666667,103.9127,259.415
2018-12-01,3.9,9.0,14451.88,14719.3,14050.6,2.832631579,2.274193548,103.867,259.873
2019-01-01,4.0,8.7,14453.1,14714.3,14104.4,2.713809524,2.4,103.3023,260.419
2019-02-01,3.8,8.8,14406.075,14742.1,14117.9,2.676315789,2.4,102.728,260.722
2019-03-01,3.8,8.2,14565.75,14732.5,14244.4,2.570952381,2.40516129,102.8635,261.339
2019-04-01,3.7,7.7,14648.32,14678.0,14329.3,2.532380952,2.423666667,102.2543,262.05
2019-05-01,3.7,7.4,14580.05,14673.5,14372.2,2.395,2.390967742,102.4519,262.384
2019-06-01,3.6,7.2,14737.55,14686.4,14425.7,2.074,2.377666667,102.384,263.117
2019-07-01,3.6,7.0,14820.54,14703.7,14487.4,2.059090909,2.402903226,102.0568,263.616
2019-08-01,3.7,7.2,14907.35,14777.8,14536.4,1.626363636,2.125806452,102.6882,264.151
2019-09-01,3.5,7.3,14997.26,14807.9,14564.7,1.6995,2.043,102.3143,264.603
2019-10-01,3.6,7.4,15127.825,14821.4,14607.9,1.706818182,1.829677419,101.4645,265.026
2019-11-01,3.6,7.5,15258.0,14885.9,14667.6,1.812105263,1.553333333,101.9876,265.427
2019-12-01,3.6,7.3,15416.2,14844.1,14686.3,1.862857143,1.550967742,101.6179,265.651
2020-01-01,3.5,7.8,15428.725,14976.5,14769.9,1.757619048,1.550645161,101.0918,266.306
2020-02-01,3.5,8.3,15379.75,15068.8,14785.1,1.504210526,1.583103448,101.3247,266.876
2020-03-01,4.4,13.1,15972.2,14844.0,13762.2,0.87,0.652258065,97.4477,266.82
2020-04-01,14.8,33.8,17073.075,17170.7,12021.8,0.657619048,0.049,84.2018,265.836
2020-05-01,13.3,24.8,17724.325,16333.0,13058.1,0.674,0.05,85.8434,265.637
2020-06-01,11.1,19.3,18088.28,16057.3,13889.3,0.728636364,0.077666667,91.1622,266.282
2020-07-01,10.2,18.7,18286.525,16151.9,14129.2,0.623636364,0.092580645,94.8887,267.722
2020-08-01,8.4,15.0,18330.78,15553.9,14270.5,0.65,0.09516129,95.8924,268.654
2020-09-01,7.8,14.3,18567.925,15643.4,14481.7,0.67952381,0.09,95.6019,269.155
2020-10-01,6.9,13.6,18687.475,15568.4,14546.0,0.787142857,0.09,96.6454,269.35
2020-11-01,6.7,13.0,18984.34,15366.5,14467.3,0.87,0.086333333,97.1609,269.819
2020-12-01,6.7,14.0,19265.1,15393.8,14389.5,0.933636364,0.09,98.2854,269.94
2021-01-01,6.3,19.9,19406.525,16988.6,14857.9,1.081052632,0.08516129,99.4076,270.025
2021-02-01,6.2,13.5,19515.4,15548.2,14699.6,1.257894737,0.075714286,96.3966,270.299
2021-03-01,6.0,26.6,19924.12,19119.5,15458.9,1.610869565,0.069677419,99.1618,271.214
2021-04-01,6.1,12.6,20299.675,16146.9,15618.7,1.635,0.069,99.2416,273.7
2021-05-01,5.8,10.4,20336.04,15669.5,15624.4,1.621,0.058064516,99.9226,275.718
2021-06-01,5.9,9.5,20463.275,15603.3,15802.0,1.519090909,0.078,100.4704,278.14
2021-07-01,5.4,10.6,20589.975,15739.4,15804.8,1.318571429,0.098064516,101.2442,279.054
2021-08-01,5.2,9.9,20788.78,15723.0,15975.8,1.283181818,0.092258065,101.1061,279.338
2021-09-01,4.8,8.2,20981.45,15468.7,16076.4,1.374761905,0.079333333,100.0811,280.017
2021-10-01,4.6,7.3,21152.35,15425.2,16290.7,1.5825,0.079032258,101.761,281.695
